{"cameraMode":{"drawMode":0,"name":"Shaded","section":"Shading Mode"},"sceneLighting":false,"audioPlay":false,"sceneViewState":{"showFog":true,"showMaterialUpdate":false,"showSkybox":false,"showFlares":true,"showImageEffects":true,"showParticleSystems":true},"in2DMode":false,"pivot":{"x":-0.023795872926712037,"y":0.926032304763794,"z":-2.384185791015625e-7},"rotation":{"x":0.2443312406539917,"y":0.023248614743351938,"z":-0.005964798387140036,"w":0.9694180488586426},"size":1.1734998226165772,"orthographic":false}