{"cameraMode":{"drawMode":0,"name":"Shaded","section":"Shading Mode"},"sceneLighting":false,"audioPlay":false,"sceneViewState":{"showFog":true,"showMaterialUpdate":false,"showSkybox":false,"showFlares":true,"showImageEffects":true,"showParticleSystems":true},"in2DMode":false,"pivot":{"x":0.0008340254426002502,"y":0.24412962794303895,"z":0.024739906191825868},"rotation":{"x":0.005155985243618488,"y":-0.9823799729347229,"z":0.18517370522022248,"w":0.02711951918900013},"size":2.1893012523651125,"orthographic":false}