{"cameraMode":{"drawMode":0,"name":"Shaded","section":"Shading Mode"},"sceneLighting":false,"audioPlay":false,"sceneViewState":{"showFog":true,"showMaterialUpdate":false,"showSkybox":false,"showFlares":true,"showImageEffects":true,"showParticleSystems":true},"in2DMode":false,"pivot":{"x":0.556022584438324,"y":1.477644920349121,"z":0.9949570894241333},"rotation":{"x":0.09753965586423874,"y":0.5841472744941711,"z":0.07144037634134293,"w":-0.8027113080024719},"size":2.2781803607940676,"orthographic":false}