{"cameraMode":{"drawMode":0,"name":"Shaded","section":"Shading Mode"},"sceneLighting":false,"audioPlay":false,"sceneViewState":{"showFog":true,"showMaterialUpdate":false,"showSkybox":false,"showFlares":true,"showImageEffects":true,"showParticleSystems":true},"in2DMode":false,"pivot":{"x":0.05286914110183716,"y":2.1257386207580568,"z":1.5680843591690064},"rotation":{"x":-0.1359012871980667,"y":0.05050710588693619,"z":0.006918859668076038,"w":0.9894218444824219},"size":2.207369327545166,"orthographic":false}