{"cameraMode":{"drawMode":0,"name":"Shaded","section":"Shading Mode"},"sceneLighting":false,"audioPlay":false,"sceneViewState":{"showFog":true,"showMaterialUpdate":false,"showSkybox":false,"showFlares":true,"showImageEffects":true,"showParticleSystems":true},"in2DMode":false,"pivot":{"x":-11.87025260925293,"y":-1.8890771865844727,"z":10.13890266418457},"rotation":{"x":0.059305138885974887,"y":-0.815424919128418,"z":-0.0842297375202179,"w":-0.5697567462921143},"size":-6.012275218963623,"orthographic":false}